disponibilidade,preco,titulo
In,51.77,A Light in the Attic
In,53.74,Tipping the Velvet
In,50.1,Soumission
In,47.82,Sharp Objects
In,54.23,Sapiens: A Brief History of Humankind
In,22.65,The Requiem Red
In,33.34,The Dirty Little Secrets of Getting Your Dream Job
In,17.93,"The Coming Woman: A Novel Based on the Life of the Infamous Feminist, Victoria Woodhull"
In,22.6,The Boys in the Boat: Nine Americans and Their Epic Quest for Gold at the 1936 Berlin Olympics
In,52.15,The Black Maria
In,13.99,"Starving Hearts (Triangular Trade Trilogy, #1)"
In,20.66,Shakespeare's Sonnets
In,17.46,Set Me Free
In,52.29,Scott Pilgrim's Precious Little Life (Scott Pilgrim #1)
In,35.02,Rip it Up and Start Again
In,57.25,"Our Band Could Be Your Life: Scenes from the American Indie Underground, 1981-1991"
In,23.88,Olio
In,37.59,Mesaerion: The Best Science Fiction Stories 1800-1849
In,51.33,Libertarianism for Beginners
In,45.17,It's Only the Himalayas
In,12.84,In Her Wake
In,37.32,How Music Works
In,30.52,"Foolproof Preserving: A Guide to Small Batch Jams, Jellies, Pickles, Condiments, and More: A Foolproof Guide to Making Small Batch Jams, Jellies, Pickles, Condiments, and More"
In,25.27,Chase Me (Paris Nights #2)
In,34.53,Black Dust
In,54.64,Birdsong: A Story in Pictures
In,22.5,America's Cradle of Quarterbacks: Western Pennsylvania's Football Factory from Johnny Unitas to Joe Montana
In,53.13,Aladdin and His Wonderful Lamp
In,40.3,Worlds Elsewhere: Journeys Around Shakespeare’s Globe
In,44.18,Wall and Piece
In,17.66,The Four Agreements: A Practical Guide to Personal Freedom
In,31.05,The Five Love Languages: How to Express Heartfelt Commitment to Your Mate
In,23.82,The Elephant Tree
In,36.89,The Bear and the Piano
In,15.94,Sophie's World
In,33.29,Penny Maybe
In,18.02,Maude (1883-1993):She Grew Up with the country
In,19.63,"In a Dark, Dark Wood"
In,52.22,Behind Closed Doors
In,33.63,You can't bury them all: Poems
In,57.31,Slow States of Collapse: Poems
In,26.41,Reasons to Stay Alive
In,47.61,Private Paris (Private #10)
In,23.11,#HigherSelfie: Wake Up Your Life. Free Your Soul. Find Your Tribe.
In,45.07,Without Borders (Wanderlove #1)
In,31.77,When We Collided
In,50.27,"We Love You, Charlie Freeman"
In,14.27,Untitled Collection: Sabbath Poems 2014
In,44.18,"Unseen City: The Majesty of Pigeons, the Discreet Charm of Snails & Other Wonders of the Urban Wilderness"
In,18.78,Unicorn Tracks
In,25.52,"Unbound: How Eight Technologies Made Us Human, Transformed Society, and Brought Our World to the Brink"
In,16.28,Tsubasa: WoRLD CHRoNiCLE 2 (Tsubasa WoRLD CHRoNiCLE #2)
In,31.12,Throwing Rocks at the Google Bus: How Growth Became the Enemy of Prosperity
In,19.49,This One Summer
In,17.27,Thirst
In,19.09,The Torch Is Passed: A Harding Family Story
In,56.13,The Secret of Dreadwillow Carse
In,56.41,"The Pioneer Woman Cooks: Dinnertime: Comfort Classics, Freezer Food, 16-Minute Meals, and Other Delicious Ways to Solve Supper!"
In,56.5,The Past Never Ends
In,45.22,The Natural History of Us (The Fine Art of Pretending #2)
In,38.16,The Nameless City (The Nameless City #1)
In,54.11,The Murder That Never Was (Forensic Instincts #5)
In,42.96,The Most Perfect Thing: Inside (and Outside) a Bird's Egg
In,23.89,"The Mindfulness and Acceptance Workbook for Anxiety: A Guide to Breaking Free from Anxiety, Phobias, and Worry Using Acceptance and Commitment Therapy"
In,16.77,The Life-Changing Magic of Tidying Up: The Japanese Art of Decluttering and Organizing
In,20.59,"The Inefficiency Assassin: Time Management Tactics for Working Smarter, Not Longer"
In,37.13,The Gutsy Girl: Escapades for Your Life of Epic Adventure
In,56.06,The Electric Pencil: Drawings from Inside State Hospital No. 3
In,58.11,The Death of Humanity: and the Case for Life
In,49.05,"The Bulletproof Diet: Lose up to a Pound a Day, Reclaim Energy and Focus, Upgrade Your Life"
In,40.76,The Art Forger
In,19.73,The Age of Genius: The Seventeenth Century and the Birth of the Modern Mind
In,32.24,The Activist's Tao Te Ching: Ancient Advice for a Modern Revolution
In,41.83,Spark Joy: An Illustrated Master Class on the Art of Organizing and Tidying Up
In,39.58,Soul Reader
In,39.25,Security
In,25.02,"Saga, Volume 6 (Saga (Collected Editions) #6)"
In,51.04,"Saga, Volume 5 (Saga (Collected Editions) #5)"
In,19.83,Reskilling America: Learning to Labor in the Twenty-First Century
In,50.4,"Rat Queens, Vol. 3: Demons (Rat Queens (Collected Editions) #11-15)"
In,13.61,"Princess Jellyfish 2-in-1 Omnibus, Vol. 01 (Princess Jellyfish 2-in-1 Omnibus #1)"
In,13.34,Princess Between Worlds (Wide-Awake Princess #5)
In,18.97,"Pop Gun War, Volume 1: Gift"
In,36.28,"Political Suicide: Missteps, Peccadilloes, Bad Calls, Backroom Hijinx, Sordid Pasts, Rotten Breaks, and Just Plain Dumb Mistakes in the Annals of American Politics"
In,10.16,Patience
In,15.44,"Outcast, Vol. 1: A Darkness Surrounds Him (Outcast #1)"
In,48.41,orange: The Complete Collection 1 (orange: The Complete Collection #1)
In,46.35,Online Marketing for Busy Authors: A Step-By-Step Guide
In,14.07,On a Midnight Clear
In,14.86,Obsidian (Lux #1)
In,33.37,My Paris Kitchen: Recipes and Stories
In,56.4,Masks and Shadows
In,14.02,"Mama Tried: Traditional Italian Cooking for the Screwed, Crude, Vegan, and Tattooed"
In,46.91,"Lumberjanes, Vol. 2: Friendship to the Max (Lumberjanes #5-8)"
In,45.61,"Lumberjanes, Vol. 1: Beware the Kitten Holy (Lumberjanes #1-4)"
In,19.92,Lumberjanes Vol. 3: A Terrible Plan (Lumberjanes #9-12)
In,40.11,"Layered: Baking, Building, and Styling Spectacular Cakes"
In,53.9,Judo: Seven Steps to Black Belt (an Introductory Guide for Beginners)
In,35.67,Join
In,22.0,In the Country We Love: My Family Divided
In,57.36,Immunity: How Elie Metchnikoff Changed the Course of Modern Medicine
In,29.17,"I Hate Fairyland, Vol. 1: Madly Ever After (I Hate Fairyland (Compilations) #1-5)"
In,54.63,I am a Hero Omnibus Volume 1
In,46.03,How to Be Miserable: 40 Strategies You Already Use
In,33.97,Her Backup Boyfriend (The Sorensen Family #1)
In,22.11,"Giant Days, Vol. 2 (Giant Days #5-8)"
In,29.69,Forever and Forever: The Courtship of Henry Longfellow and Fanny Appleton
In,15.97,First and First (Five Boroughs #3)
In,21.96,Fifty Shades Darker (Fifty Shades #2)
In,54.35,Everydata: The Misinformation Hidden in the Little Data You Consume Every Day
In,37.97,"Don't Be a Jerk: And Other Practical Advice from Dogen, Japan's Greatest Zen Master"
In,51.99,Danganronpa Volume 1
In,43.29,Crown of Midnight (Throne of Glass #2)
In,36.72,"Codename Baboushka, Volume 1: The Conclave of Death"
In,17.08,Camp Midnight
In,29.14,Call the Nurse: True Stories of a Country Nurse on a Scottish Isle
In,28.81,Burning
In,49.46,Bossypants
In,37.92,"Bitch Planet, Vol. 1: Extraordinary Machine (Bitch Planet (Collected Editions))"
In,28.09,"Avatar: The Last Airbender: Smoke and Shadow, Part 3 (Smoke and Shadow #3)"
In,30.81,Algorithms to Live By: The Computer Science of Human Decisions
In,42.95,A World of Flavor: Your Gluten Free Passport
In,56.76,"A Piece of Sky, a Grain of Rice: A Memoir in Four Meditations"
In,16.64,A Murder in Time
In,55.53,A Flight of Arrows (The Pathfinders #2)
In,28.13,A Fierce and Subtle Poison
In,52.37,A Court of Thorns and Roses (A Court of Thorns and Roses #1)
In,54.0,(Un)Qualified: How God Uses Broken People to Do Big Things
In,21.87,You Are What You Love: The Spiritual Power of Habit
In,43.3,"William Shakespeare's Star Wars: Verily, A New Hope (William Shakespeare's Star Wars #4)"
In,21.04,Tuesday Nights in 1980
In,41.6,Tracing Numbers on a Train
In,35.07,Throne of Glass (Throne of Glass #1)
In,59.64,Thomas Jefferson and the Tripoli Pirates: The Forgotten War That Changed American History
In,52.72,Thirteen Reasons Why
In,58.08,The White Cat and the Monk: A Retelling of the Poem “Pangur Bán”
In,24.12,The Wedding Dress
In,42.15,The Vacationers
In,12.61,The Third Wave: An Entrepreneur’s Vision of the Future
In,17.44,The Stranger
In,33.14,The Shadow Hero (The Shadow Hero)
In,27.37,The Secret (The Secret #1)
In,51.36,The Regional Office Is Under Attack!
In,36.0,The Psychopath Test: A Journey Through the Madness Industry
In,10.65,The Project
In,43.54,The Power of Now: A Guide to Spiritual Enlightenment
In,38.21,The Omnivore's Dilemma: A Natural History of Four Meals
In,37.34,The Nerdy Nummies Cookbook: Sweet Treats for the Geek in All of Us
In,44.1,The Murder of Roger Ackroyd (Hercule Poirot #4)
In,43.29,The Mistake (Off-Campus #2)
In,55.85,The Matchmaker's Playbook (Wingmen Inc. #1)
In,37.6,The Love and Lemons Cookbook: An Apple-to-Zucchini Celebration of Impromptu Cooking
In,10.97,The Long Shadow of Small Ghosts: Murder and Memory in an American City
In,41.82,The Kite Runner
In,36.95,The House by the Lake
In,44.28,The Glittering Court (The Glittering Court #1)
In,55.02,The Girl on the Train
In,17.24,The Genius of Birds
In,23.15,The Emerald Mystery
In,41.25,The Cookies & Cups Cookbook: 125+ sweet & savory recipes reminding you to Always Eat Dessert First
In,32.0,The Bridge to Consciousness: I'm Writing the Bridge Between Science and Our Old and New Beliefs.
In,38.49,The Artist's Way: A Spiritual Path to Higher Creativity
In,33.34,The Art of War
In,10.93,The Argonauts
In,27.55,The 10% Entrepreneur: Live Your Startup Dream Without Quitting Your Day Job
In,55.99,Suddenly in Love (Lake Haven #1)
In,16.24,Something More Than This
In,26.12,Soft Apocalypse
In,12.23,So You've Been Publicly Shamed
In,23.99,Shoe Dog: A Memoir by the Creator of NIKE
In,29.06,"Shobu Samurai, Project Aryoku (#3)"
In,20.27,Secrets and Lace (Fatal Hearts #1)
In,43.55,Scarlett Epstein Hates It Here
In,36.94,Romero and Juliet: A Tragic Tale of Love and Zombies
In,20.47,Redeeming Love
In,41.06,Poses for Artists Volume 1 - Dynamic and Sitting Poses: An Essential Reference for Figure Drawing and the Human Form
In,14.19,Poems That Make Grown Women Cry
In,38.28,"Nightingale, Sing"
In,41.05,Night Sky with Exit Wounds
In,30.25,Mrs. Houdini
In,28.26,Modern Romance
In,10.76,Miss Peregrine’s Home for Peculiar Children (Miss Peregrine’s Peculiar Children #1)
In,16.85,Louisa: The Extraordinary Life of Mrs. Adams
In,13.47,Little Red
In,48.56,Library of Souls (Miss Peregrine’s Peculiar Children #3)
In,19.15,Large Print Heart of the Pride
In,57.36,I Had a Nice Time And Other Lies...: How to find love & sh*t like that
In,42.98,Hollow City (Miss Peregrine’s Peculiar Children #2)
In,22.16,Grumbles
In,49.43,Full Moon over Noah’s Ark: An Odyssey to Mount Ararat and Beyond
In,29.99,Frostbite (Vampire Academy #2)
In,21.36,Follow You Home
In,29.0,First Steps for New Christians (Print Edition)
In,53.53,Finders Keepers (Bill Hodges Trilogy #2)
In,41.62,"Fables, Vol. 1: Legends in Exile (Fables #1)"
In,54.59,Eureka Trivia 6.0
In,34.95,Drive: The Surprising Truth About What Motivates Us
In,37.72,Done Rubbed Out (Reightman & Bailey #1)
In,35.61,Doing It Over (Most Likely To #1)
In,42.16,"Deliciously Ella Every Day: Quick and Easy Recipes for Gluten-Free Snacks, Packed Lunches, and Simple Meals"
